{"backedUpFiles":["/sdcard/FIRST/java/src/org/firstinspires/ftc/teamcode/TestGyro.java","/sdcard/FIRST/java/src/org/firstinspires/ftc/teamcode/IntegratedRobotMovement.java","/sdcard/FIRST/java/src/org/firstinspires/ftc/teamcode/ColorSensorTesting.java","/sdcard/FIRST/java/src/org/firstinspires/ftc/teamcode/DriverControl.java","/sdcard/FIRST/java/src/org/firstinspires/ftc/teamcode/TensorFlowTest.java","/sdcard/FIRST/java/src/org/firstinspires/ftc/teamcode/Base/AutoRobotStruct.java","/sdcard/FIRST/java/src/org/firstinspires/ftc/teamcode/Base/RobotStructure.java","/sdcard/FIRST/java/src/org/firstinspires/ftc/teamcode/Base/StructB.java","/sdcard/FIRST/java/src/org/firstinspires/ftc/teamcode/Base/VisionDetectorBlue.java","/sdcard/FIRST/java/src/org/firstinspires/ftc/teamcode/Base/VisionDetectorRed.java","/sdcard/FIRST/java/src/org/firstinspires/ftc/teamcode/Base/Backup_Bot.java","/sdcard/FIRST/java/src/org/firstinspires/ftc/teamcode/AutonomousLiftTranslate.java","/sdcard/FIRST/java/src/org/firstinspires/ftc/teamcode/GoBildaPinpointDriver.java","/sdcard/FIRST/java/src/org/firstinspires/ftc/teamcode/ThreadsAndSensors.java","/sdcard/FIRST/java/src/org/firstinspires/ftc/teamcode/GyroSensorTest.java","/sdcard/FIRST/java/src/org/firstinspires/ftc/teamcode/DriverControlXandY.java","/sdcard/FIRST/java/src/org/firstinspires/ftc/teamcode/Autonomous_test.java","/sdcard/FIRST/java/src/org/firstinspires/ftc/teamcode/WheelDirectionTest.java","/sdcard/FIRST/obhs.xml","/sdcard/FIRST/tflitemodels/RedTraining.tflite","/sdcard/FIRST/tflitemodels/blue1.tflite","/sdcard/FIRST/tflitemodels/red1.tflite","/sdcard/FIRST/tflitemodels/BlueTraining.tflite"],"deviceName":"Control Hub 13867-RC","modifiedTimes":[{"fileName":"/sdcard/FIRST/java/src/org/firstinspires/ftc/teamcode/TestGyro.java","time":"Thu Aug 21 09:31:11 CDT 2025"},{"fileName":"/sdcard/FIRST/java/src/org/firstinspires/ftc/teamcode/Base/AutoRobotStruct.java","time":"Sun Aug 24 03:07:11 CDT 2025"},{"fileName":"/sdcard/FIRST/java/src/org/firstinspires/ftc/teamcode/DriverControl.java","time":"Mon Aug 25 06:20:59 CDT 2025"},{"fileName":"/sdcard/FIRST/java/src/org/firstinspires/ftc/teamcode/IntegratedRobotMovement.java","time":"Thu Jun 26 10:52:24 CDT 2025"},{"fileName":"/sdcard/FIRST/java/src/org/firstinspires/ftc/teamcode/ColorSensorTesting.java","time":"Tue Jan 14 09:15:53 CST 2025"},{"fileName":"/sdcard/FIRST/java/src/org/firstinspires/ftc/teamcode/TensorFlowTest.java","time":"Thu Aug 21 09:34:45 CDT 2025"},{"fileName":"/sdcard/FIRST/java/src/org/firstinspires/ftc/teamcode/Base/VisionDetectorRed.java","time":"Mon May 12 09:18:03 CDT 2025"},{"fileName":"/sdcard/FIRST/java/src/org/firstinspires/ftc/teamcode/Base/VisionDetectorBlue.java","time":"Thu Jul 24 10:47:00 CDT 2025"},{"fileName":"/sdcard/FIRST/java/src/org/firstinspires/ftc/teamcode/GoBildaPinpointDriver.java","time":"Mon Aug 25 06:23:53 CDT 2025"},{"fileName":"/sdcard/FIRST/java/src/org/firstinspires/ftc/teamcode/Base/Backup_Bot.java","time":"Thu Aug 21 10:21:15 CDT 2025"},{"fileName":"/sdcard/FIRST/java/src/org/firstinspires/ftc/teamcode/Base/StructB.java","time":"Thu Jul 24 10:47:04 CDT 2025"},{"fileName":"/sdcard/FIRST/java/src/org/firstinspires/ftc/teamcode/Base/RobotStructure.java","time":"Thu Aug 21 10:53:35 CDT 2025"},{"fileName":"/sdcard/FIRST/java/src/org/firstinspires/ftc/teamcode/AutonomousLiftTranslate.java","time":"Mon Aug 25 06:47:33 CDT 2025"},{"fileName":"/sdcard/FIRST/java/src/org/firstinspires/ftc/teamcode/ThreadsAndSensors.java","time":"Thu Aug 21 09:31:01 CDT 2025"},{"fileName":"/sdcard/FIRST/java/src/org/firstinspires/ftc/teamcode/Autonomous_test.java","time":"Mon Aug 25 06:24:31 CDT 2025"},{"fileName":"/sdcard/FIRST/java/src/org/firstinspires/ftc/teamcode/WheelDirectionTest.java","time":"Thu Aug 21 09:53:33 CDT 2025"},{"fileName":"/sdcard/FIRST/tflitemodels/red1.tflite","time":"Thu Feb  1 15:18:44 CST 2024"},{"fileName":"/sdcard/FIRST/java/src/org/firstinspires/ftc/teamcode/GyroSensorTest.java","time":"Thu Aug 21 02:48:28 CDT 2025"},{"fileName":"/sdcard/FIRST/java/src/org/firstinspires/ftc/teamcode/DriverControlXandY.java","time":"Mon Aug 25 06:47:46 CDT 2025"},{"fileName":"/sdcard/FIRST/tflitemodels/blue1.tflite","time":"Fri Oct 27 14:41:36 CDT 2023"},{"fileName":"/sdcard/FIRST/obhs.xml","time":"Thu Aug 21 10:59:08 CDT 2025"},{"fileName":"/sdcard/FIRST/tflitemodels/BlueTraining.tflite","time":"Sat Feb  3 09:41:45 CST 2024"},{"fileName":"/sdcard/FIRST/tflitemodels/RedTraining.tflite","time":"Sat Feb  3 09:41:39 CST 2024"}]}