<?xml version='1.0' encoding='UTF-8' standalone='yes' ?>
<Robot type="FirstInspires-FTC">
    <LynxUsbDevice name="Control Hub Portal" serialNumber="(embedded)" parentModuleAddress="173">
        <LynxModule name="Expansion Hub 2" port="2">
            <RevRobotics40HDHexMotor name="ArmOne" port="0" />
            <Motor name="liftLeft" port="1" />
            <Motor name="liftRight" port="2" />
            <RevRobotics40HDHexMotor name="ArmTwo" port="3" />
            <Servo name="clawServo" port="2" />
        </LynxModule>
        <LynxModule name="Control Hub" port="173">
            <RevRobotics40HDHexMotor name="motorFrontLeft" port="0" />
            <RevRobotics40HDHexMotor name="motorBackRight" port="1" />
            <RevRobotics40HDHexMotor name="motorBackLeft" port="2" />
            <RevRobotics40HDHexMotor name="motorFrontRight" port="3" />
            <Servo name="bucketServo" port="2" />
            <RevTouchSensor name="touchdrop" port="0" />
            <RevTouchSensor name="touchgrab" port="2" />
            <ControlHubImuBHI260AP name="imu" port="0" bus="0" />
            <goBILDAPinpoint name="odo" port="0" bus="2" />
        </LynxModule>
    </LynxUsbDevice>
</Robot>
